{"count":1,"self":709.197056,"total":6134.2991617,"children":{"InitializeActuators":{"count":25,"self":0.00099739999999999985,"total":0.00099739999999999985,"children":null},"InitializeSensors":{"count":25,"self":0.0019947,"total":0.0019947,"children":null},"AgentSendState":{"count":1760917,"self":276.6980608,"total":399.8981096,"children":{"CollectObservations":{"count":8804600,"self":16.6705744,"total":16.6705749,"children":null},"WriteActionMask":{"count":8804600,"self":5.5160203999999995,"total":5.5160203999999995,"children":null},"RequestDecision":{"count":8804600,"self":19.6686704,"total":101.0134626,"children":{"AgentInfo.ToProto":{"count":8804600,"self":16.373231999999998,"total":81.3447924,"children":{"GenerateSensorData":{"count":8804600,"self":51.4086528,"total":64.9715611,"children":{"RayPerceptionSensor.Perceive":{"count":8804600,"self":13.5629072,"total":13.5629072,"children":null}}}}}}}}},"DecideAction":{"count":1760917,"self":4421.1273728,"total":4421.1271732,"children":null},"AgentAct":{"count":1760917,"self":598.90344959999993,"total":598.96417239999994,"children":{"AgentInfo.ToProto":{"count":3698,"self":0.014511399999999999,"total":0.060724099999999996,"children":{"GenerateSensorData":{"count":3698,"self":0.0374594,"total":0.046212699999999995,"children":{"RayPerceptionSensor.Perceive":{"count":3698,"self":0.0087533,"total":0.0087533,"children":null}}}}}}},"AgentInfo.ToProto":{"count":316019,"self":1.2571229,"total":5.1086787,"children":{"GenerateSensorData":{"count":316019,"self":3.0874072,"total":3.8515558,"children":{"RayPerceptionSensor.Perceive":{"count":316019,"self":0.7641485,"total":0.7641485,"children":null}}}}}},"gauges":{"CollectOrange.CumulativeReward":{"count":319717,"max":3,"min":-0.75,"runningAverage":0.564853966,"value":-0.25,"weightedAverage":0.2897934}},"metadata":{"timer_format_version":"0.1.0","start_time_seconds":"1726996849","unity_version":"2022.3.13f1","command_line_arguments":"C:\\Program Files\\Unity\\Hub\\Editor\\2022.3.13f1\\Editor\\Unity.exe -projectpath C:\\Maturaarbeit\\UnityAI -useHub -hubIPC -cloudEnvironment production -licensingIpc LicenseClient-leoko -hubSessionId a520f411-adf7-41bb-9636-71fe7f2c6687 -accessToken juaXMJaRWygxPXODUME-Vuh8cToe2sOE1ZhZtZ8Hhzk008f","communication_protocol_version":"1.5.0","com.unity.ml-agents_version":"2.0.1","scene_name":"CollectOrangeTraining","end_time_seconds":"1727002983"}}