{"count":1,"self":20.4110272,"total":984.064185,"children":{"InitializeActuators":{"count":101,"self":0.0019947999999999997,"total":0.0019947999999999997,"children":null},"InitializeSensors":{"count":101,"self":0.0029920999999999997,"total":0.0029920999999999997,"children":null},"AgentSendState":{"count":25517,"self":14.926715199999999,"total":22.0444654,"children":{"CollectObservations":{"count":515504,"self":0.9960053,"total":0.9960053,"children":null},"WriteActionMask":{"count":515504,"self":0.3238097,"total":0.3238097,"children":null},"RequestDecision":{"count":515504,"self":1.2812487,"total":5.7979351999999995,"children":{"AgentInfo.ToProto":{"count":515504,"self":0.9140994,"total":4.5166865,"children":{"GenerateSensorData":{"count":515504,"self":2.8355479999999997,"total":3.6025871,"children":{"RayPerceptionSensor.Perceive":{"count":515504,"self":0.76703919999999992,"total":0.76703919999999992,"children":null}}}}}}}}},"DecideAction":{"count":25517,"self":895.86534399999994,"total":895.86539469999991,"children":null},"AgentAct":{"count":25517,"self":45.3458976,"total":45.3561135,"children":{"AgentInfo.ToProto":{"count":324,"self":0.002993,"total":0.0102153,"children":{"GenerateSensorData":{"count":324,"self":0.0049873999999999995,"total":0.0072223,"children":{"RayPerceptionSensor.Perceive":{"count":324,"self":0.0022348999999999997,"total":0.0022348999999999997,"children":null}}}}}}},"AgentInfo.ToProto":{"count":18630,"self":0.093264599999999989,"total":0.3812082,"children":{"GenerateSensorData":{"count":18630,"self":0.22984059999999998,"total":0.28794359999999997,"children":{"RayPerceptionSensor.Perceive":{"count":18630,"self":0.058102999999999995,"total":0.058102999999999995,"children":null}}}}}},"gauges":{"CollectOrange1.CumulativeReward":{"count":18954,"max":2,"min":-1,"runningAverage":0.966075063,"value":1,"weightedAverage":1.00000024}},"metadata":{"timer_format_version":"0.1.0","start_time_seconds":"1714155645","unity_version":"2022.3.13f1","command_line_arguments":"C:\\Program Files\\Unity\\Hub\\Editor\\2022.3.13f1\\Editor\\Unity.exe -projectpath C:\\Maturaarbeit\\UnityAI -useHub -hubIPC -cloudEnvironment production -licensingIpc LicenseClient-leoko -hubSessionId 787c964f-a845-4ced-bdab-4f684e588496 -accessToken ur1N5TP4qNjYnlWPMfOD5or-iMUWAMrf7nhc9rE29wU008f","communication_protocol_version":"1.5.0","com.unity.ml-agents_version":"2.0.1","scene_name":"CollectOrange1","end_time_seconds":"1714156629"}}