{"count":1,"self":14.540439999999998,"total":15.0453984,"children":{"InitializeActuators":{"count":50,"self":0.00099969999999999985,"total":0.00099969999999999985,"children":null},"InitializeSensors":{"count":50,"self":0.0009939,"total":0.0009939,"children":null},"AgentSendState":{"count":515,"self":0.1304652,"total":0.16268729999999998,"children":{"CollectObservations":{"count":5150,"self":0.0076932999999999993,"total":0.0076932999999999993,"children":null},"WriteActionMask":{"count":5150,"self":0.0071179,"total":0.0071179,"children":null},"RequestDecision":{"count":5150,"self":0.0087593,"total":0.0174109,"children":{"RayPerceptionSensor.Perceive":{"count":5150,"self":0.0086515999999999989,"total":0.0086515999999999989,"children":null}}}}},"DecideAction":{"count":515,"self":0.015801799999999998,"total":0.015801799999999998,"children":null},"AgentAct":{"count":515,"self":0.322415,"total":0.32341169999999997,"children":{"RayPerceptionSensor.Perceive":{"count":28,"self":0.00099669999999999989,"total":0.00099669999999999989,"children":null}}},"RayPerceptionSensor.Perceive":{"count":20,"self":0,"total":0,"children":null}},"gauges":{"Prey.CumulativeReward":{"count":34,"max":-0.95179975,"min":-0.9988,"runningAverage":-0.977738261,"value":-0.9857,"weightedAverage":-0.98192215},"Hunter.CumulativeReward":{"count":14,"max":0.9934,"min":0.951899767,"runningAverage":0.9711,"value":0.951899767,"weightedAverage":0.9687886}},"metadata":{"timer_format_version":"0.1.0","start_time_seconds":"1718915254","unity_version":"2022.3.13f1","command_line_arguments":"C:\\Program Files\\Unity\\Hub\\Editor\\2022.3.13f1\\Editor\\Unity.exe -projectpath C:\\Maturaarbeit\\UnityAI -useHub -hubIPC -cloudEnvironment production -licensingIpc LicenseClient-leoko -hubSessionId 434891fb-d1ca-4a56-8cc1-a933095edcb6 -accessToken RNmXQb4q_VlbeAJGNmNGT262QAaLTiZjRubj17XIoVg008f","communication_protocol_version":"1.5.0","com.unity.ml-agents_version":"2.0.1","scene_name":"Hunt","end_time_seconds":"1718915269"}}