{"count":1,"self":3.5951915999999997,"total":25.533164799999998,"children":{"InitializeActuators":{"count":75,"self":0.00099439999999999988,"total":0.00099439999999999988,"children":null},"InitializeSensors":{"count":75,"self":0.002992,"total":0.002992,"children":null},"AgentSendState":{"count":2334,"self":1.180127,"total":1.7080624999999998,"children":{"CollectObservations":{"count":35025,"self":0.060690799999999996,"total":0.060690799999999996,"children":null},"WriteActionMask":{"count":35025,"self":0.0159709,"total":0.0159709,"children":null},"RequestDecision":{"count":35025,"self":0.0774402,"total":0.4512738,"children":{"AgentInfo.ToProto":{"count":35025,"self":0.062408899999999996,"total":0.3738336,"children":{"GenerateSensorData":{"count":35025,"self":0.2566657,"total":0.3114247,"children":{"RayPerceptionSensor.Perceive":{"count":35025,"self":0.054758999999999995,"total":0.054758999999999995,"children":null}}}}}}}}},"DecideAction":{"count":2334,"self":16.897771199999998,"total":16.8977718,"children":null},"AgentAct":{"count":2334,"self":3.2965812,"total":3.2975786,"children":{"AgentInfo.ToProto":{"count":44,"self":0,"total":0.00099739999999999985,"children":{"GenerateSensorData":{"count":44,"self":0.00099739999999999985,"total":0.00099739999999999985,"children":{"RayPerceptionSensor.Perceive":{"count":44,"self":0,"total":0,"children":null}}}}}}},"AgentInfo.ToProto":{"count":1896,"self":0.0069873,"total":0.030573999999999997,"children":{"GenerateSensorData":{"count":1896,"self":0.0215875,"total":0.0235867,"children":{"RayPerceptionSensor.Perceive":{"count":1896,"self":0.0019992,"total":0.0019992,"children":null}}}}}},"gauges":{"PackPrey.CumulativeReward":{"count":425,"max":5.434536,"min":-3.98316526,"runningAverage":-0.728144646,"value":-1.06353867,"weightedAverage":-0.5565829},"PackHunterSecondary.CumulativeReward":{"count":743,"max":0.8030534,"min":-5.03726435,"runningAverage":-1.87666225,"value":-2.778088,"weightedAverage":-2.23747087},"PackHunterPrimary.CumulativeReward":{"count":772,"max":1.73998785,"min":-5.43337536,"runningAverage":-1.83148336,"value":-1.04252338,"weightedAverage":-1.73963451}},"metadata":{"timer_format_version":"0.1.0","start_time_seconds":"1728631336","unity_version":"2022.3.13f1","command_line_arguments":"C:\\Program Files\\Unity\\Hub\\Editor\\2022.3.13f1\\Editor\\Unity.exe -projectpath C:\\Maturaarbeit\\UnityAI -useHub -hubIPC -cloudEnvironment production -licensingIpc LicenseClient-leoko -hubSessionId ca3508da-676d-491d-832a-2bd71b38dcc8 -accessToken 5AM4kCtEqinuEErHE6dpEe-vmQWU8HInPkO529Fz6yU008f","communication_protocol_version":"1.5.0","com.unity.ml-agents_version":"2.0.1","scene_name":"HuntPack","end_time_seconds":"1728631362"}}