{"count":1,"self":705.9701248,"total":12331.1578232,"children":{"InitializeActuators":{"count":50,"self":0.0019947,"total":0.0019947,"children":null},"InitializeSensors":{"count":50,"self":0.0019946,"total":0.0019946,"children":null},"AgentSendState":{"count":2094001,"self":529.2363776,"total":825.9963672,"children":{"CollectObservations":{"count":20940050,"self":33.1129792,"total":33.112980199999996,"children":null},"WriteActionMask":{"count":20940050,"self":12.023473599999999,"total":12.0234735,"children":null},"RequestDecision":{"count":20940050,"self":44.1291744,"total":251.62353829999998,"children":{"AgentInfo.ToProto":{"count":20940050,"self":37.524304,"total":207.49436369999998,"children":{"GenerateSensorData":{"count":20940050,"self":137.51473919999998,"total":169.9700612,"children":{"RayPerceptionSensor.Perceive":{"count":20940050,"self":32.4553248,"total":32.4553247,"children":null}}}}}}}}},"DecideAction":{"count":2094001,"self":9078.9945343999989,"total":9078.9945162,"children":null},"AgentAct":{"count":2094001,"self":1715.4818048,"total":1719.1733895,"children":{"AgentInfo.ToProto":{"count":232708,"self":0.7690467,"total":3.6916001,"children":{"GenerateSensorData":{"count":232708,"self":2.3910752,"total":2.9225534,"children":{"RayPerceptionSensor.Perceive":{"count":232708,"self":0.5314782,"total":0.5314782,"children":null}}}}}}},"AgentInfo.ToProto":{"count":82300,"self":0.22009109999999998,"total":1.0184267999999999,"children":{"GenerateSensorData":{"count":82300,"self":0.6464076,"total":0.7983357,"children":{"RayPerceptionSensor.Perceive":{"count":82300,"self":0.15192809999999998,"total":0.15192809999999998,"children":null}}}}}},"gauges":{"Hunter.CumulativeReward":{"count":157504,"max":1.09835291,"min":-4.88873529,"runningAverage":0.5129915,"value":0.8816674,"weightedAverage":0.8777305},"Prey.CumulativeReward":{"count":157504,"max":4.88854551,"min":-2.95187283,"runningAverage":-0.751498163,"value":-0.8807471,"weightedAverage":-0.877633452}},"metadata":{"timer_format_version":"0.1.0","start_time_seconds":"1727283857","unity_version":"2022.3.13f1","command_line_arguments":"C:\\Program Files\\Unity\\Hub\\Editor\\2022.3.13f1\\Editor\\Unity.exe -projectpath C:\\Maturaarbeit\\UnityAI -useHub -hubIPC -cloudEnvironment production -licensingIpc LicenseClient-leoko -hubSessionId bbda70e0-c6b8-4df1-a7a4-20e8a671fdae -accessToken ZXMeWD_Q3qr3HEgIo4uzRCPDsHr8l1tuz7p3iSj4FWs008f","communication_protocol_version":"1.5.0","com.unity.ml-agents_version":"2.0.1","scene_name":"Hunt","end_time_seconds":"1727296188"}}