{"count":1,"self":172.2785792,"total":2517.7036518,"children":{"InitializeActuators":{"count":50,"self":0.0019947999999999997,"total":0.0019947999999999997,"children":null},"InitializeSensors":{"count":50,"self":0.0029919,"total":0.0029919,"children":null},"AgentSendState":{"count":429617,"self":108.9516544,"total":179.0606105,"children":{"CollectObservations":{"count":4296200,"self":10.9203888,"total":10.9203891,"children":null},"WriteActionMask":{"count":4296200,"self":2.3376259999999998,"total":2.3376259999999998,"children":null},"RequestDecision":{"count":4296200,"self":8.3656784,"total":56.8509442,"children":{"AgentInfo.ToProto":{"count":4296200,"self":7.2375552,"total":48.4852656,"children":{"GenerateSensorData":{"count":4296200,"self":34.250512,"total":41.247710399999995,"children":{"RayPerceptionSensor.Perceive":{"count":4296200,"self":6.9971983999999994,"total":6.9971982,"children":null}}}}}}}}},"DecideAction":{"count":429617,"self":1832.4795391999999,"total":1832.479551,"children":null},"AgentAct":{"count":429617,"self":333.48968959999996,"total":333.7069423,"children":{"AgentInfo.ToProto":{"count":11676,"self":0.0397979,"total":0.21726099999999998,"children":{"GenerateSensorData":{"count":11676,"self":0.1489018,"total":0.17746309999999998,"children":{"RayPerceptionSensor.Perceive":{"count":11676,"self":0.028561299999999998,"total":0.028561299999999998,"children":null}}}}}}},"AgentInfo.ToProto":{"count":11562,"self":0.0338916,"total":0.1729847,"children":{"GenerateSensorData":{"count":11562,"self":0.1151922,"total":0.1390931,"children":{"RayPerceptionSensor.Perceive":{"count":11562,"self":0.0239009,"total":0.0239009,"children":null}}}}}},"gauges":{"Hunter.CumulativeReward":{"count":11619,"max":1.099,"min":-4.96390438,"runningAverage":-0.8563998,"value":-0.3469978,"weightedAverage":-0.533221066},"Prey.CumulativeReward":{"count":11619,"max":3.16396,"min":-1.998,"runningAverage":0.3852934,"value":-0.553002238,"weightedAverage":0.11984688}},"metadata":{"timer_format_version":"0.1.0","start_time_seconds":"1726679467","unity_version":"2022.3.13f1","command_line_arguments":"C:\\Program Files\\Unity\\Hub\\Editor\\2022.3.13f1\\Editor\\Unity.exe -projectpath C:\\Maturaarbeit\\UnityAI -useHub -hubIPC -cloudEnvironment production -licensingIpc LicenseClient-leoko -hubSessionId 19b3d7f8-656e-45f9-b0c8-07bd553afd55 -accessToken L_qqhMYjE9cDuRTO4GWxQg8v_FZGrUuWzn1WQcS8y-8008f","communication_protocol_version":"1.5.0","com.unity.ml-agents_version":"2.0.1","scene_name":"Hunt","end_time_seconds":"1726681985"}}