{"count":1,"self":22293.361459199998,"total":64042.835398799994,"children":{"InitializeActuators":{"count":32,"self":0.0009972,"total":0.0009972,"children":null},"InitializeSensors":{"count":32,"self":0.0029920999999999997,"total":0.0029920999999999997,"children":null},"AgentSendState":{"count":10827834,"self":2689.9562496,"total":3707.0296974999997,"children":{"CollectObservations":{"count":69298144,"self":81.3548608,"total":81.354858,"children":null},"WriteActionMask":{"count":69298144,"self":46.0802336,"total":46.080234999999995,"children":null},"RequestDecision":{"count":69298144,"self":167.4418304,"total":889.63826829999994,"children":{"AgentInfo.ToProto":{"count":69298144,"self":140.4260096,"total":722.19643769999993,"children":{"GenerateSensorData":{"count":69298144,"self":446.7792384,"total":581.7704241,"children":{"RayPerceptionSensor.Perceive":{"count":69298144,"self":134.9911808,"total":134.99117999999999,"children":null}}}}}}}}},"DecideAction":{"count":10827834,"self":28339.5981312,"total":28339.5975763,"children":null},"AgentAct":{"count":10827834,"self":9699.9456768,"total":9702.8419068,"children":{"AgentInfo.ToProto":{"count":156301,"self":0.6789468,"total":2.8963319,"children":{"GenerateSensorData":{"count":156301,"self":1.7342047999999999,"total":2.2173851,"children":{"RayPerceptionSensor.Perceive":{"count":156301,"self":0.48318029999999995,"total":0.48318029999999995,"children":null}}}}}}}},"gauges":{"Survivor.CumulativeReward":{"count":156301,"max":9.1499,"min":-0.7999972,"runningAverage":-0.5133214,"value":0.836045861,"weightedAverage":-0.0788513}},"metadata":{"timer_format_version":"0.1.0","start_time_seconds":"1726166217","unity_version":"2022.3.13f1","command_line_arguments":"C:\\Program Files\\Unity\\Hub\\Editor\\2022.3.13f1\\Editor\\Unity.exe -projectpath C:\\Maturaarbeit\\UnityAI -useHub -hubIPC -cloudEnvironment production -licensingIpc LicenseClient-leoko -hubSessionId 02f51b49-9e3b-4b8d-9dd5-ef25e880a1da -accessToken eRnWOQdiACWaxCVfZLCLat9idTap21kN1tyBs125rzk008f","communication_protocol_version":"1.5.0","com.unity.ml-agents_version":"2.0.1","scene_name":"MapGen","end_time_seconds":"1726230260"}}